...1,1990,2000,2012,...5,2013,2014,2015,2016,2017,2018,2019,2020,2021
,"48,881,177,965.6","72,909,498,600.0","297,251,899,034.1",,"303,328,059,828.8","296,585,318,554.7","240,390,270,340.3","228,099,684,351.9","260,057,115,696.8","283,606,020,540.7","271,645,379,047.0","226,009,110,308.1",..
,"32,941,353,363.1","45,650,583,083.7","197,858,775,578.3",,"199,829,351,189.8","183,594,753,379.2","130,063,321,469.2","119,244,443,908.6","144,880,678,807.6","171,571,767,516.8","182,344,448,240.9","144,301,504,587.5",..
El mundo árabe,..,..,..,,..,..,..,..,..,..,..,..,..
Estados pequeos del Caribe,"9,948,764,114.5","16,597,373,984.5","37,127,779,477.4",,"37,800,741,949.6","36,238,789,937.4","32,068,783,732.7","29,173,969,698.7","31,558,965,248.4","35,226,679,281.7","34,521,032,641.5","22,565,439,455.3",..
Europa Central y del Báltico,..,"177,493,503,118.8","852,305,540,321.0",,"911,809,104,469.5","956,709,494,617.4","847,276,974,622.0","882,329,254,166.5","1,003,368,380,234.8","1,119,626,537,980.3","1,125,333,880,015.1","1,070,995,418,772.3",..
inicial del dividendo demográfico,"399,218,206,125.8","876,849,524,447.0","2,932,670,981,930.9",,"2,957,911,187,441.1","2,929,987,682,883.9","2,489,917,620,740.4","2,426,334,034,510.4","2,746,481,230,460.9","3,064,811,690,676.0","3,073,510,607,126.0","2,585,875,359,654.2",..
Asia oriental y el Pacífico,"847,673,875,495.5","2,156,110,822,967.6","7,507,078,263,802.2",,"7,748,892,076,204.1","8,022,358,356,138.9","7,460,408,161,534.0","7,278,675,315,668.1","8,110,050,905,812.7","8,779,213,483,963.2","8,664,312,304,876.7","8,219,717,866,436.6",..
Asia oriental y el Pacífico (excluido altos ingresos),"176,540,868,403.5","534,278,371,302.2","3,347,225,947,937.9",,"3,565,014,083,398.8","3,758,278,637,163.8","3,569,347,718,715.8","3,423,611,840,520.2","3,859,319,634,788.4","4,174,468,858,516.4","4,171,800,742,186.9","4,106,258,756,249.6",..
Asia oriental y el Pacífico (BIRF y la AIF),"176,298,026,010.9","533,543,439,843.4","3,342,572,300,805.2",,"3,560,069,774,825.6","3,753,072,635,763.6","3,564,402,105,833.4","3,418,895,573,634.6","3,853,932,651,288.5","4,168,622,171,529.5","4,165,957,792,116.4","4,100,507,603,121.2",..
Zona del Euro,"1,824,613,522,526.5","2,712,525,147,408.3","6,979,816,247,354.7",,"7,303,393,588,109.7","7,571,087,889,150.7","6,739,410,312,463.4","6,864,208,057,988.6","7,463,811,898,142.5","8,270,098,554,508.8","8,060,344,571,889.4","7,354,075,201,860.4",..
Europa y Asia central,"2,709,968,446,232.3","4,230,333,896,815.8","11,283,751,684,050.5",,"11,718,314,225,930.9","12,009,517,132,529.1","10,538,413,296,897.8","10,552,770,431,400.5","11,586,839,544,659.4","12,882,755,068,743.5","12,636,009,039,220.0","11,351,592,696,293.8",..
Europa y Asia central (excluido altos ingresos),..,"244,347,866,370.6","1,314,799,834,340.2",,"1,344,951,468,578.9","1,309,571,055,157.3","1,001,867,194,822.7","927,514,380,983.2","1,098,309,164,652.2","1,282,098,630,679.5","1,273,214,126,440.8","1,056,708,697,942.3",..
Europa y Asia central (BIRF y la AIF),..,"301,489,645,509.4","1,573,883,363,193.6",,"1,623,705,673,161.7","1,606,932,224,224.8","1,273,117,924,636.4","1,210,458,920,600.3","1,427,197,249,906.4","1,655,052,734,863.3","1,653,905,574,466.9","1,434,580,684,640.4",..
Unión Europea,"2,019,895,072,088.8","3,069,631,773,279.7","8,149,604,057,218.5",,"8,537,740,853,579.5","8,854,544,442,778.8","7,867,360,732,910.7","8,015,860,779,972.6","8,752,304,732,339.3","9,693,795,157,577.4","9,498,711,327,019.6","8,720,234,952,191.8",..
Frágiles y situaciones de conflicto afectados,..,..,"538,933,391,860.0",,"515,527,581,373.0","455,494,117,552.2","301,911,864,693.5","259,734,452,641.4","328,140,761,460.4","417,354,129,969.2","418,100,200,112.2","277,333,763,277.0",..
Países pobres muy endeudados (PPME),"24,432,515,976.5","36,597,391,570.0","161,840,488,522.8",,"168,227,313,546.3","172,133,680,529.7","148,812,738,179.8","148,211,792,262.9","167,127,163,234.1","183,533,587,589.1","187,348,803,563.9","176,927,436,771.8",..
Ingreso alto,"4,598,982,565,358.9","8,011,417,347,540.0","19,538,762,863,232.4",,"20,077,985,218,978.6","20,582,509,164,857.1","18,470,305,369,809.4","18,445,300,622,063.6","20,202,688,649,260.1","22,202,852,018,792.6","21,821,161,206,322.9","19,457,151,723,101.5",..
Sólo BIRF,"616,875,600,973.9","1,503,418,261,313.1","7,324,894,069,158.3",,"7,590,044,891,906.0","7,714,274,727,326.5","6,819,759,638,640.2","6,561,781,425,579.8","7,491,429,231,568.9","8,254,550,341,354.4","8,241,318,893,540.0","7,581,017,220,214.5",..
BIRF y la AIF,"680,061,118,641.5","1,604,068,337,955.3","7,734,636,972,143.4",,"8,017,545,371,066.9","8,138,168,052,219.5","7,175,667,236,942.5","6,904,694,770,607.1","7,882,624,867,723.2","8,697,523,717,226.4","8,702,982,591,728.7","7,971,375,976,657.3",..
mezcla de la AIF,"34,086,126,657.7","48,862,836,305.1","194,906,601,436.7",,"193,861,437,828.5","182,821,311,053.1","134,946,161,434.0","119,305,391,520.4","141,683,126,395.3","165,381,790,335.2","173,690,844,013.8","123,228,140,761.4",..
Sólo AIF,"29,897,945,276.3","54,142,784,361.4","213,969,315,069.2",,"233,250,684,308.1","241,040,516,479.6","221,505,622,293.7","224,490,831,870.9","250,527,630,844.2","278,916,355,620.7","290,427,416,539.3","266,555,073,986.5",..
total de la AIF,"64,143,838,159.7","101,649,260,575.5","409,973,244,577.1",,"427,774,465,314.7","424,043,815,916.5","355,987,333,491.9","342,991,182,897.9","391,280,292,853.0","443,233,557,020.1","462,962,000,876.3","388,217,705,130.6",..
avanzada del dividendo demográfico,"414,997,498,705.8","1,061,175,107,030.6","6,098,379,126,081.8",,"6,411,464,503,245.3","6,618,522,377,770.5","5,969,005,997,479.3","5,723,183,977,172.5","6,528,167,311,211.8","7,242,459,485,273.0","7,239,098,033,478.8","6,923,213,898,979.3",..
América Latina y el Caribe,"188,415,066,632.5","486,671,682,422.8","1,427,846,140,834.4",,"1,429,131,919,598.9","1,397,663,156,335.9","1,208,487,458,021.7","1,198,092,624,668.0","1,345,586,182,370.9","1,449,474,463,456.1","1,459,143,283,774.4","1,255,595,075,233.7",..
América Latina y el Caribe (excluido altos ingresos),"133,477,846,995.6","371,717,282,458.6","1,072,587,608,162.2",,"1,083,145,545,848.0","1,072,968,904,249.7","957,751,352,044.7","958,349,984,363.1","1,079,274,584,987.7","1,161,308,342,431.6","1,176,073,959,663.6","1,008,416,890,441.2",..
América Latina y el Caribe (BIRF y la AIF),"170,293,003,314.0","442,771,020,161.5","1,307,382,111,112.6",,"1,309,399,195,405.4","1,280,289,679,625.4","1,105,346,847,104.0","1,089,715,478,886.9","1,225,857,096,340.4","1,318,417,131,329.6","1,326,519,527,954.7","1,146,083,503,492.2",..
Países menos desarrollados: clasificación de las Naciones Unidas,"23,113,274,741.2","44,434,179,313.6","232,715,469,034.6",,"249,424,465,548.2","246,781,465,359.9","201,264,580,244.7","196,939,287,403.5","223,551,362,487.1","254,704,057,628.2","254,872,138,259.1","222,919,346,579.9",..
Ingreso mediano y bajo,"617,144,889,698.8","1,476,325,869,358.4","7,245,600,689,175.9",,"7,518,327,598,710.8","7,640,466,992,509.2","6,764,516,981,813.8","6,497,956,271,589.9","7,415,358,921,215.8","8,175,778,737,990.1","8,180,762,915,945.3","7,462,235,586,887.3",..
Países de ingreso bajo,..,..,"82,253,243,214.8",,"88,813,630,579.2","91,192,173,918.6","70,176,004,835.3","69,916,045,193.4","81,609,288,199.1","93,789,364,474.7","93,355,405,591.6","92,689,439,304.6",..
Países de ingreso mediano bajo,"196,123,432,083.9","391,886,885,669.3","1,690,052,125,120.2",,"1,730,452,543,698.4","1,741,040,225,473.7","1,513,480,196,216.0","1,502,392,334,016.4","1,740,056,434,882.0","1,939,708,625,791.5","1,984,077,160,438.8","1,739,782,028,345.2",..
Oriente Medio y Norte de África,..,..,..,,..,..,..,..,..,..,..,..,..
Oriente Medio y Norte de África (excluido altos ingresos),..,..,"556,164,680,487.5",,"517,738,662,798.1","475,332,128,956.3","345,225,025,078.7","309,893,256,193.7","385,496,064,421.2","473,804,092,651.6","465,501,282,284.6","316,144,009,773.6",..
Oriente Medio y Norte de África (BIRF y la AIF),..,..,"554,040,771,313.7",,"514,694,569,098.3","471,502,675,574.4","340,661,208,432.6","304,967,149,163.5","379,921,166,975.8","467,507,597,929.1","458,766,861,325.5","309,928,001,414.2",..
Ingreso mediano,"603,386,368,620.9","1,456,724,567,963.4","7,167,446,049,835.2",,"7,434,566,910,414.4","7,554,625,945,646.7","6,697,085,508,280.2","6,431,147,681,155.0","7,337,662,756,236.9","8,087,071,255,417.4","8,092,392,798,088.9","7,375,633,454,811.6",..
América del Norte,"872,656,172,604.4","1,804,255,192,602.8","3,670,277,270,010.8",,"3,762,008,354,357.1","3,892,984,372,350.2","3,676,820,822,304.2","3,654,962,650,261.2","4,000,163,447,834.5","4,311,803,745,014.9","4,330,453,214,494.9","3,677,835,649,194.9",..
No clasificado,..,..,..,,..,..,..,..,..,..,..,..,..
Miembros OCDE,"4,055,941,795,474.2","7,104,624,248,764.0","16,751,866,753,584.0",,"17,224,374,797,828.6","17,749,514,975,591.7","16,037,592,206,121.5","16,121,250,641,505.5","17,602,328,184,103.5","19,279,942,627,449.0","19,029,602,445,635.9","16,933,021,875,407.5",..
Otros Estados pequeos,..,..,"357,159,995,179.3",,"376,191,159,904.1","375,620,361,181.5","304,741,922,606.1","263,180,360,880.9","309,593,951,384.8","346,465,874,039.2","321,390,341,440.1","267,525,464,250.0",..
Estados pequeos de las Islas del Pacfico,"1,383,151,554.0","1,686,799,192.5","4,608,170,261.4",,"4,643,826,736.2","4,819,515,634.0","4,359,178,219.7","4,512,290,823.7","4,836,853,528.3","5,262,118,946.3","5,204,807,568.3","2,850,121,811.0",..
posterior al dividendo demográfico,"4,114,274,953,734.8","7,082,843,429,115.7","16,815,484,129,982.9",,"17,287,351,625,983.4","17,734,381,438,280.0","15,976,632,904,912.3","16,019,184,007,168.9","17,481,354,019,355.0","19,122,530,324,111.6","18,770,375,913,616.8","16,620,908,184,410.4",..
previa al dividendo demográfico,..,..,"413,777,930,843.1",,"412,837,754,014.1","385,615,254,693.9","261,636,412,362.0","232,390,555,852.2","285,234,277,706.7","353,405,488,777.6","349,665,196,411.4","251,984,514,935.6",..
Pequeños Estados,..,..,"398,913,237,432.8",,"418,560,371,626.1","416,521,796,512.3","341,195,415,500.2","297,045,987,385.6","346,194,401,876.2","387,180,527,103.2","361,518,770,722.0","292,617,711,392.2",..
Asia meridional,"35,664,302,317.6","88,809,187,462.5","535,083,972,414.6",,"564,721,244,294.7","588,309,558,714.9","532,892,398,447.2","536,576,061,067.1","605,210,518,129.2","664,626,573,873.8","675,225,827,262.5","593,670,833,947.5",..
Asia meridional (BIRF y la AIF),"35,664,302,317.6","88,809,187,462.5","535,083,972,414.6",,"564,721,244,294.7","588,309,558,714.9","532,892,398,447.2","536,576,061,067.1","605,210,518,129.2","664,626,573,873.8","675,225,827,262.5","593,670,833,947.5",..
África al sur del Sahara,"82,268,914,587.9","118,629,273,856.6","495,044,533,179.7",,"503,168,170,125.3","480,635,553,799.3","371,682,450,896.6","348,824,873,375.0","405,700,100,732.3","454,601,914,424.1","451,152,013,730.6","368,906,862,768.6",..
África al sur del Sahara (excluido altos ingresos),"82,028,421,428.2","118,111,125,731.2","493,669,056,354.4",,"501,649,336,662.4","479,224,825,426.9","370,340,155,263.5","347,424,677,155.4","404,084,108,220.6","452,862,401,696.3","449,485,786,079.6","367,783,207,808.5",..
África al sur del Sahara (BIRF y la AIF),"82,268,914,587.9","118,629,273,856.6","495,044,533,179.7",,"503,168,170,125.3","480,635,553,799.3","371,682,450,896.6","348,824,873,375.0","405,700,100,732.3","454,601,914,424.1","451,152,013,730.6","368,906,862,768.6",..
Ingreso mediano alto,"411,714,900,577.5","1,073,504,194,684.7","5,489,541,203,775.5",,"5,715,411,177,834.9","5,824,063,465,343.9","5,191,173,622,150.2","4,938,799,864,782.1","5,610,613,459,833.2","6,163,008,753,703.2","6,126,910,566,155.0","5,647,789,173,952.3",..
Mundo,"5,196,879,006,646.4","9,489,934,525,663.4","26,858,700,608,802.8",,"27,661,720,437,329.8","28,271,882,582,672.7","25,245,934,148,828.5","24,940,938,852,213.7","27,618,943,030,298.1","30,379,917,404,212.1","30,004,806,609,379.9","26,923,098,273,929.5",..
Afganistán,..,..,"2,480,275,796.6",,"1,584,641,700.7","2,177,473,479.0","1,704,288,648.8","1,375,850,797.5","1,452,434,678.5","1,898,906,244.7","1,868,568,055.7","1,716,706,830.9",..
Albania,"353,600,000.0","670,400,000.0","3,797,531,105.8",,"4,070,992,798.3","4,178,282,911.3","3,519,547,545.6","3,892,417,842.2","4,605,004,261.4","5,247,401,479.0","5,292,424,070.6","3,846,951,283.9",..
Argelia,"13,534,902,284.0",..,"79,094,592,945.1",,"72,135,098,775.6","66,846,165,650.1","40,102,767,889.9","35,171,643,986.5","39,939,802,620.6","45,538,830,402.2","39,593,857,128.5","25,749,299,404.0",..
Samoa Americana,..,..,..,,..,..,..,..,..,..,..,..,..
Andorra,..,..,..,,..,..,..,..,..,..,"2,906,978,116.3",..,..
Angola,"4,003,000,000.0","8,222,360,000.0","72,133,100,315.1",,"70,380,501,721.5","61,496,795,044.7","34,603,647,353.0","28,640,556,800.6","35,837,464,384.8","41,837,360,214.5","35,872,743,552.8","21,540,234,145.7",..
Antigua y Barbuda,"347,788,888.9","482,383,391.1","552,059,917.0",,"539,821,383.0","1,041,903,110.4","1,037,401,064.5","1,061,470,956.1","1,004,613,762.2","1,060,265,101.4","1,228,000,888.7","606,624,771.9",..
Argentina,"16,654,000,000.0","38,657,070,742.9","96,586,241,540.7",,"92,034,825,145.2","84,398,577,454.3","72,381,928,419.4","74,209,111,524.7","78,184,715,522.6","83,420,042,594.2","86,248,889,754.6","68,384,365,112.2",..
Armenia,..,"557,854,584.7","4,032,591,598.9",,"4,414,406,842.4","4,531,263,614.3","4,022,283,900.0","4,410,099,823.5","5,426,503,533.8","5,851,796,184.0","6,657,178,751.8","4,222,675,789.7",..
Aruba,"581,284,916.2","1,868,603,352.0","3,187,206,703.9",,"2,199,751,840.2","2,344,987,256.4","2,486,117,679.9","2,396,465,857.1","2,363,776,588.9","2,620,564,226.4","2,651,804,815.0","1,533,205,653.6",..
Australia,"54,113,174,389.6","94,027,773,391.6","359,590,135,498.0",,"356,407,493,640.8","346,478,907,204.5","282,519,159,318.6","290,429,662,828.2","339,618,375,891.2","376,332,641,286.5","392,373,826,256.9","345,459,840,245.6",..
Austria,..,..,"261,172,432,578.6",,"256,742,162,239.2","266,421,672,218.1","219,961,504,370.7","238,140,109,683.9","252,880,519,875.8","281,890,142,912.4","279,027,125,315.7","244,601,554,209.9",..
Azerbaiyán,..,"2,174,015,000.0","37,837,472,000.0",,"36,941,498,000.0","34,230,672,000.0","21,288,283,000.0","18,499,727,000.0","21,125,504,000.0","27,115,308,000.0","25,219,210,260.0","17,064,300,000.0",..
Bahamas,"2,015,700,000.0","2,754,920,000.0","3,725,090,600.0",,"3,674,164,000.0","3,613,851,248.3","3,460,395,303.2","3,926,984,119.0","3,810,619,827.1","4,793,336,461.7","5,195,613,316.1","1,681,848,099.7",..
Bahrein,"9,615,957,446.8","13,504,024,037.2","33,454,032,807.2",,"36,174,962,300.5","34,205,194,235.4","27,888,067,760.4","26,046,276,595.7","28,844,946,808.5","32,515,691,489.4",..,..,..
Bangladesh,"2,128,166,694.5","7,292,611,567.7","27,768,035,486.6",,"31,767,533,486.4","33,138,217,973.2","35,107,953,649.5","37,756,801,960.7","39,281,430,149.4","44,518,232,859.6","45,143,332,661.7","38,693,585,662.6","49,824,250,545.5"
Barbados,"893,619,186.2","1,487,323,634.5","2,328,722,276.5",,"2,640,905,236.6","2,415,767,927.3","2,638,571,003.6","2,646,456,506.8",..,..,..,..,..
Belarús,..,"7,073,500,000.0","52,802,700,000.0",,"44,904,700,000.0","44,203,300,000.0","33,405,500,000.0","30,599,500,000.0","37,438,900,000.0","43,451,100,000.0","43,144,600,000.0","38,034,100,000.0","50,082,678,337.7"
Bélgica,..,..,"487,326,710,222.6",,"507,130,612,195.9","519,173,202,867.7","426,807,937,353.8","446,858,659,498.1","482,831,761,498.8","527,390,240,426.2","515,141,556,040.9","483,946,001,580.7",..
Belice,"255,150,000.0","430,609,975.6","1,039,521,955.1",,"1,062,177,961.8","1,091,434,215.4","1,040,919,494.9","975,774,627.3","1,037,843,639.4","1,080,804,896.5","1,112,434,207.7","722,213,182.6",..
Benin,"376,084,255.2","553,226,115.0","1,968,654,630.8",,"2,651,294,851.7","3,202,965,311.7","2,833,169,921.6","3,300,303,693.2","3,433,172,991.5","3,954,426,852.1","3,708,936,175.1","3,718,479,448.1",..
Bermudas,..,..,"3,120,840,151.7",,"3,728,541,596.6","3,225,101,912.1","3,195,210,148.9","3,254,026,689.0","3,476,883,151.5","3,540,611,310.4","3,657,511,972.0","3,067,388,857.6",..
Bhután,..,..,"746,446,088.7",,"685,401,498.1","678,569,468.5","748,140,243.5","666,802,935.8","746,384,595.1","821,097,545.9","814,917,182.8","816,188,649.8",..
Bolivia,"995,500,000.0","1,609,734,096.0","12,399,420,637.2",,"12,923,354,978.1","14,100,527,390.8","10,038,518,414.7","8,412,909,193.5","9,769,881,367.7","10,580,229,224.5","10,405,339,364.0","7,674,226,370.2",..
Bosnia y Herzegovina,..,"2,246,587,544.1","6,139,805,758.4",,"6,719,878,400.9","6,955,732,838.6","6,286,388,254.7","6,675,416,146.0","7,992,867,250.8","9,211,900,401.9","8,841,545,761.8","7,366,885,306.1",..
Botswana,"2,421,060,316.9","3,377,990,131.8","6,688,489,625.7",,"9,009,299,048.1","9,730,746,752.0","7,430,892,778.2","8,446,438,384.0","7,168,513,757.0","7,774,439,041.7","6,504,266,778.0","4,833,297,452.6",..
Brasil,"36,327,000,000.0","67,980,082,347.8","290,087,357,671.0",,"292,505,984,908.0","271,696,127,797.3","225,957,326,512.0","230,332,955,953.9","275,688,753,195.2","288,125,977,743.0","285,203,736,607.4","259,380,725,858.5","346,966,590,598.0"
Islas Vírgenes Británicas,..,..,..,,..,..,..,..,..,..,..,..,..
Brunei Darussalam,..,..,"14,338,783,603.4",,"13,324,521,260.3","12,679,477,494.0","7,869,854,054.6","6,418,974,173.2","7,086,499,766.4","8,039,962,735.8","8,855,694,135.6","7,805,639,830.4",..
Bulgaria,"7,070,000,000.0","7,320,635,450.1","33,592,910,000.0",,"37,139,440,000.0","38,152,790,000.0","33,553,820,000.0","35,772,010,000.0","41,450,590,000.0","44,863,810,000.0","45,505,170,000.0","40,358,260,000.0",..
Burkina Faso,..,..,"3,393,035,928.7",,"3,281,421,146.6","3,370,957,552.0","2,914,314,797.7","3,448,462,093.6","3,925,344,520.0","4,750,004,847.6","4,682,310,006.6","5,603,943,479.6",..
Burundi,"97,661,144.5","55,410,264.5","235,581,819.7",,"235,021,577.0","218,166,817.1","193,494,604.5","208,531,185.3","284,078,967.3","301,844,770.7",..,..,..
Cabo Verde,"63,242,977.0","145,886,863.0","783,764,531.8",,"855,136,298.4","907,869,091.4","672,364,266.5","740,004,409.9","825,638,301.5","998,359,384.3","1,038,986,109.1","438,967,956.7",..
Camboya,..,"1,892,631,567.8","9,110,024,574.6",,"10,802,827,719.6","12,311,677,733.6","13,644,764,140.4","14,682,857,445.5","16,273,653,510.1","18,993,772,425.9","21,804,630,563.1","20,958,379,072.9",..
Camerún,"2,515,822,942.6","2,699,655,681.2","7,590,572,691.2",,"8,195,673,647.3","8,764,661,784.6","6,917,995,726.3","6,450,612,391.4","6,743,092,466.5","7,511,529,193.9","7,962,324,991.5","6,286,863,324.6",..
Canadá,"164,487,933,885.2","353,285,347,789.1","628,021,429,859.1",,"633,595,812,760.5","651,216,270,438.1","568,476,612,155.3","555,554,623,572.2","608,866,564,683.0","663,213,133,704.4","673,497,702,522.9","582,464,260,337.3","726,954,401,152.7"
Islas Caimán,..,..,..,,..,..,..,"5,858,607,315.6","6,406,715,731.3","8,218,446,811.5","8,440,573,302.8",..,..
República Centroafricana,"220,373,704.8",..,..,,..,..,..,..,..,..,..,..,..
Chad,"274,218,346.6",..,..,,..,..,..,..,..,..,..,..,..
Islas del Canal,..,..,..,,..,..,..,..,..,..,..,..,..
Chile,"10,704,900,000.0","24,890,789,078.8","98,427,516,489.6",,"97,267,392,050.4","94,678,061,038.0","79,301,686,319.4","78,053,755,676.0","87,133,148,546.2","93,926,746,615.2","88,975,861,572.2","88,938,426,479.1",..
China,"60,391,000,000.0","202,589,270,000.0","2,342,129,055,768.5",,"2,539,567,897,419.1","2,702,274,321,141.0","2,583,968,396,725.3","2,424,576,042,121.3","2,718,975,576,076.0","2,919,505,938,716.8","2,904,513,533,412.2","2,974,045,950,400.2",..
Colombia,"9,026,000,000.0","16,836,363,312.6","73,003,061,953.5",,"72,413,166,779.4","69,838,519,052.4","51,601,331,124.8","47,762,824,176.3","54,898,258,556.2","59,901,235,648.8","58,300,167,459.5","42,551,100,311.1","56,227,626,052.3"
Comoras,"38,147,011.6",..,"93,301,162.2",,..,"132,185,507.8","103,125,068.1","115,781,877.1","135,985,386.7","158,188,803.4","151,069,910.3","77,988,758.7",..
"Congo, República Democrática del",..,..,"9,049,323,953.2",,"12,053,876,498.6","12,745,396,822.6","10,600,660,413.4","12,030,085,170.4","11,668,565,622.0","16,154,326,582.6","15,246,058,775.7","14,125,330,145.4",..
"Congo, República del","1,502,581,377.0","2,642,270,631.1","10,350,632,960.3",,"9,604,332,929.2","9,552,306,160.3","5,137,155,347.1","4,610,154,018.7",..,..,..,..,..
Costa Rica,"2,093,500,000.0","6,828,328,897.8","15,434,698,895.2",,"16,061,176,864.8","16,906,272,222.6","17,464,504,666.7","19,009,158,600.1","19,792,601,955.2","22,026,859,927.3","22,811,771,351.6","20,344,574,951.7",..
Côte d'Ivoire,..,..,"13,315,176,187.8",,"13,195,328,625.4","14,125,247,026.7","12,727,230,898.8","12,078,571,647.1","13,152,925,227.2","13,434,460,937.5","14,172,573,847.9","13,631,340,134.9",..
Croacia,..,"7,958,321,587.3","24,633,207,728.4",,"24,789,060,215.9","26,445,546,546.3","24,374,422,462.1","25,152,789,915.3","28,992,698,691.7","33,444,819,536.5","34,627,899,335.0","27,393,343,247.6",..
Cuba,..,..,..,,..,..,..,..,..,..,..,..,..
Curacao,..,..,"2,448,042,458.1",,"2,271,424,581.0","2,408,731,843.6","2,120,368,715.1","1,926,184,357.5","1,951,212,210.6","2,106,105,333.4","1,964,934,399.1","1,155,355,796.6",..
Chipre,"3,114,085,442.5","5,591,396,682.4","32,580,595,067.9",,"35,163,844,023.4","36,621,674,792.4","45,299,539,157.4","29,033,389,037.0","42,399,546,256.1","49,907,976,167.1","38,670,792,052.5","36,676,017,346.0",..
República Checa,..,"31,363,959,964.7","166,182,329,014.1",,"167,870,114,505.2","179,118,652,143.7","158,794,335,979.1","163,593,811,278.5","184,862,441,017.3","203,641,992,152.3","199,841,625,903.9","184,881,384,126.8",..
Dinamarca,"54,913,066,707.5","85,688,552,483.0","204,991,329,617.5",,"220,210,258,509.3","226,179,357,785.3","196,465,090,100.9","194,225,589,144.3","212,134,481,459.3","233,765,897,286.1","236,106,321,336.7","225,489,656,361.3",..
Djibouti,..,"218,432,261.8","503,069,417.8",,"3,237,580,252.2","3,604,959,458.9","3,565,296,166.5","2,743,243,623.4","4,187,912,514.6","4,622,925,821.9","5,229,134,429.8","3,758,902,868.4",..
Dominica,"93,477,777.8","149,185,185.2","165,048,749.6",,"174,273,530.7","290,930,088.1","280,753,451.7","280,889,826.5","230,673,671.8","167,166,791.3","225,746,105.0","106,416,851.6",..
República Dominicana,"1,918,000,000.0","6,201,500,000.0","15,754,000,000.0",,"16,390,900,000.0","17,504,900,000.0","17,529,100,000.0","18,627,500,000.0","19,450,800,000.0","20,671,000,000.0","21,175,100,000.0","14,829,800,000.0",..
Ecuador,"3,287,000,000.0","6,163,443,860.0","26,477,836,476.0",,"27,740,769,563.0","29,063,481,902.6","21,580,392,708.0","20,251,984,511.7","22,713,360,841.9","25,641,972,791.9","26,314,977,346.9","22,347,128,406.6",..
"Egipto, República Árabe de","10,751,500,000.0","18,735,000,000.0","48,833,600,000.0",,"44,991,700,000.0","47,364,800,000.0","37,872,900,000.0","34,007,200,000.0","43,609,300,000.0","52,529,133,911.7","54,570,434,740.9","40,646,263,091.3",..
El Salvador,"1,002,579,703.1","2,650,200,000.0","6,188,885,212.2",,"6,611,600,026.3","6,732,651,568.2","7,038,574,510.8","7,004,149,337.1","7,388,273,026.8","7,789,397,195.0","8,228,675,325.9","6,449,859,209.9",..
Guinea Ecuatorial,"42,322,770.0",..,..,,..,..,..,..,..,..,..,..,..
Eritrea,..,"106,859,611.3",..,,..,..,..,..,..,..,..,..,..
Estonia,..,"3,622,493,893.4","21,119,199,399.9",,"22,810,864,415.6","23,291,007,359.3","18,855,443,188.8","19,856,881,701.9","21,827,396,629.5","24,369,404,737.6","24,831,734,384.2","23,549,767,886.9","31,415,834,003.7"
Eswatini,"819,573,658.1","1,374,972,051.4","1,917,902,060.0",,"2,072,221,717.4","2,140,489,648.4","1,999,150,041.9","1,828,471,070.8","2,098,337,541.9","2,044,012,100.3","2,194,060,057.2","1,911,040,252.6",..
Etiopía,"605,797,101.4","1,008,455,360.4","6,003,581,061.0",,"6,124,095,308.0","6,396,127,496.4","6,026,047,096.0","5,917,837,030.3","6,666,299,091.1","7,690,819,312.5","7,654,757,397.5","7,727,453,323.2",..
Islas Feroe,..,"632,250,000.0",..,,..,..,..,..,..,..,..,..,..
Fiji,"881,621,077.2","1,021,549,633.6","2,503,220,720.4",,"2,465,742,324.5","2,602,621,732.2","2,348,582,375.6","2,376,666,926.8","2,544,559,335.9","2,729,748,500.0","2,697,960,078.6","1,293,109,378.5",..
Finlandia,"34,350,394,512.3","60,045,402,413.8","120,200,704,827.6",,"122,438,617,870.0","123,076,068,428.0","100,237,031,109.8","101,588,546,509.5","114,487,335,022.9","126,432,769,890.3","130,585,496,441.5","119,413,914,704.5","139,867,638,308.4"
Francia,"341,070,471,632.1","475,024,874,976.7","1,008,885,714,785.3",,"1,047,345,859,403.3","1,063,391,282,640.5","955,755,830,680.8","957,952,564,490.2","1,022,184,408,474.1","1,132,651,379,087.2","1,114,692,333,433.5","925,277,541,399.6",..
Polinesia Francesa,..,..,"1,808,698,927.3",,"1,909,184,057.1","1,961,540,014.8","1,718,075,713.7","1,834,115,472.2",..,..,..,..,..
Gabón,"2,750,410,751.3","3,541,297,779.9","10,164,625,217.9",,"9,670,499,631.3","8,557,981,459.7","5,501,128,936.2",..,..,..,..,..,..
Gambia,"175,130,266.5",..,"279,452,192.8",,"265,945,245.1","271,134,211.2","219,089,153.8","189,858,500.6","280,838,612.6","374,426,654.0","372,615,401.4","183,404,526.3","140,585,588.6"
Georgia,..,"993,845,377.4","7,098,576,422.0",,"8,093,809,035.1","8,065,858,739.0","6,952,651,653.4","7,091,684,714.7","8,689,820,205.9","10,178,439,228.6","10,917,407,025.5","6,888,452,521.6",..
Alemania,"529,132,627,565.9","710,784,052,222.3","1,892,708,106,666.2",,"1,955,342,349,004.8","2,027,569,796,582.8","1,800,723,844,503.2","1,833,857,803,728.1","1,976,222,429,312.2","2,166,153,732,514.3","2,080,742,999,127.6","1,908,946,389,892.7",..
Ghana,"948,800,000.0","2,456,149,058.7","16,867,293,075.6",,"16,490,492,419.2","15,372,216,692.7","16,857,799,270.2","17,707,821,123.0","20,746,150,000.0","23,113,029,504.6","26,075,275,749.6","22,815,524,181.1",..
Gibraltar,..,..,..,,..,..,..,..,..,..,..,..,..
Grecia,"13,333,000,000.0","32,213,558,697.6","71,744,728,297.0",,"81,468,064,383.7","88,160,275,841.8","71,007,930,203.2","67,182,904,808.3","77,005,075,496.8","89,091,526,259.9","88,147,802,567.9","66,195,088,845.8",..
Groenlandia,..,..,..,,..,..,..,..,..,..,..,..,..
Granada,"95,600,000.0","240,808,900.4","213,488,089.3",,"216,729,330.4","491,675,286.4","523,498,280.7","537,015,836.2","593,783,913.8","635,831,364.8","680,864,860.0","438,094,604.2",..
Guam,..,..,..,,..,..,..,..,..,..,..,..,..
Guatemala,"1,588,400,000.0","4,075,700,000.0","11,846,977,130.0",,"12,324,223,600.0","13,044,177,970.0","12,872,740,020.0","13,087,241,950.0","14,023,329,400.0","14,254,308,630.0","14,605,691,880.0","13,761,916,540.0",..
Guinea,"841,270,000.0","757,558,982.4","2,118,190,000.0",,"1,995,290,000.0","2,151,588,035.2","1,895,059,688.1","2,501,349,779.3","4,694,690,000.0","4,147,590,000.0","4,127,510,000.0","9,028,570,000.0",..
Guinea-Bissau,"26,100,000.0",..,"156,272,045.9",,"201,167,400.3","275,820,035.8","342,254,372.4","217,860,860.0","421,642,941.7","435,930,819.9","370,623,516.4","299,351,997.2",..
Guyana,..,"683,900,000.0","1,764,043,752.1",,"1,593,527,417.7","1,403,035,064.2","1,366,049,614.9","1,722,877,007.9","1,700,377,891.4","1,614,920,431.3","1,866,089,575.1","2,871,881,897.7",..
Haití,"324,900,000.0","503,700,000.0","1,400,248,115.8",,"1,613,471,446.4","1,725,657,146.4","1,809,600,848.6","1,709,282,618.4","1,740,607,442.3","1,853,431,277.4","1,803,654,403.2","1,064,248,393.5","1,283,440,275.7"
Honduras,"1,053,200,000.0","2,693,836,069.7","6,729,011,824.6",,"6,307,037,916.7","6,815,499,229.0","6,988,414,040.5","6,816,998,306.5","7,461,531,974.2","7,355,936,904.5","7,435,065,796.7","6,393,939,967.8",..
"Hong Kong, Región Administrativa Especial",..,"271,158,524,739.6","707,588,668,926.1",,"763,575,669,713.6","782,902,875,149.7","770,492,552,625.4","764,137,700,164.1","827,070,955,494.5","889,275,467,781.4","858,618,683,885.6","807,288,280,490.7",..
Hungría,"12,315,421,926.8","33,116,683,049.2","126,685,847,572.2",,"132,324,338,156.4","136,921,791,850.0","120,339,228,071.5","125,515,841,360.2","138,540,224,724.8","148,971,091,642.3","152,182,914,625.3","141,924,445,616.5",..
Islandia,"2,231,869,221.3","3,009,151,704.6","8,974,713,315.9",,"9,670,418,696.0","10,120,786,656.0","9,941,091,855.1","10,996,392,555.1","12,129,438,696.9","12,980,501,605.1","11,683,520,317.3","7,983,719,004.9",..
India,"23,347,444,193.8","62,452,794,818.2","453,744,167,574.1",,"479,503,178,064.1","498,219,673,269.9","443,164,297,038.5","445,918,512,250.5","507,948,171,892.8","558,423,279,580.5","569,380,732,947.8","507,289,199,021.3",..
Indonesia,"29,704,000,000.0","73,079,021,117.0","213,656,241,730.3",,"207,634,905,264.8","200,953,335,503.5","174,167,059,409.9","171,841,780,855.6","199,785,091,966.4","221,233,665,823.6","207,469,184,502.7","183,639,726,481.5","253,532,621,177.1"
"Irán, República Islámica del","20,197,000,000.0","30,131,000,000.0",..,,..,..,..,..,..,..,..,..,..
Iraq,..,..,"99,120,000,000.0",,"93,857,082,324.1","89,245,000,000.0","56,676,297,777.9","47,164,500,000.0","64,122,856,000.0","93,097,000,000.0","90,614,900,000.0","51,584,300,000.0",..
Irlanda,..,..,"308,820,471,000.3",,"321,922,300,578.2","367,594,790,358.9","422,633,570,578.4","440,906,094,125.2","497,029,263,552.6","574,753,197,448.3","624,122,445,494.5","669,174,253,249.0",..
Isla de Man,..,..,..,,..,..,..,..,..,..,..,..,..
Israel,"18,902,000,000.0","50,220,800,000.0","100,140,900,000.0",,"106,843,600,000.0","109,828,000,000.0","105,834,600,000.0","107,509,000,000.0","117,638,900,000.0","126,548,400,000.0","131,731,900,000.0","126,579,000,000.0","159,180,500,000.0"
Italia,"235,636,402,614.4","341,583,460,261.9","669,059,893,771.2",,"691,098,608,832.0","712,320,514,074.2","605,019,030,749.0","621,316,379,030.8","686,093,754,552.1","749,455,817,644.7","722,217,954,410.6","628,336,705,419.5",..
Jamaica,"2,324,700,000.0","3,781,600,000.0","4,834,621,201.7",,"4,608,260,059.6","4,691,935,760.9","4,625,903,185.9","4,713,770,105.3","5,188,479,572.3","6,147,640,509.7","6,357,641,243.6","3,656,481,063.5",..
Japón,..,"633,934,268,186.5","1,143,468,463,973.1",,"1,071,882,292,293.6","1,119,748,174,410.1","1,033,377,577,071.4","1,077,043,635,143.8","1,154,300,280,466.0","1,233,341,756,001.1","1,217,915,855,858.6","1,070,130,257,206.5",..
Jordania,"2,578,271,183.8","4,206,939,351.2","14,997,464,788.7",,"15,021,253,521.1","16,404,929,577.5","14,856,619,718.3","14,298,732,394.4","15,167,746,478.9","16,130,704,225.4","17,440,422,535.2","11,267,605,633.8",..
Kazajstán,..,"10,479,863,237.8","94,014,894,765.1",,"93,417,052,100.5","88,290,743,411.4","53,262,258,115.8","43,826,610,245.9","56,254,224,886.3","69,767,044,274.8","68,420,798,283.3","54,396,234,958.5",..
Kenya,"2,233,319,708.0","2,820,573,264.2","11,551,867,029.5",,"11,311,569,609.5","11,739,483,636.2","10,688,300,101.9","10,012,330,723.1","10,556,280,480.5","11,733,606,764.9","11,659,887,424.4","9,893,980,865.1",..
Kiribati,"30,335,114.0",..,"128,626,461.8",,"144,667,636.0","187,156,621.5","208,408,471.1","179,864,672.7","205,331,030.8","190,729,096.2","228,954,323.7","179,421,690.2",..
"Corea, República Popular Democrática de",..,..,..,,..,..,..,..,..,..,..,..,..
"Corea, República de","73,355,900,000.0","209,116,900,000.0","735,951,600,000.0",,"750,699,800,000.0","753,531,600,000.0","665,682,600,000.0","633,208,000,000.0","699,483,700,000.0","764,766,200,000.0","701,878,600,000.0","645,450,700,000.0","819,464,500,000.0"
Kosovo,..,..,"1,795,005,485.5",,"1,848,420,824.8","1,950,710,764.6","1,660,678,190.6","1,832,266,102.6","2,249,152,744.6","2,589,653,394.2","2,622,331,437.1","2,018,586,500.6",..
Kuwait,"16,851,848,641.9","28,616,641,207.2","142,478,227,084.0",,"136,573,740,135.8","127,205,336,103.8","78,384,957,849.2","71,340,695,578.1","83,045,210,678.3","109,994,381,657.4","114,047,916,993.6","86,898,763,628.5",..
Kirguistán,..,"589,918,778.6","3,532,516,528.8",,"3,855,789,043.5","3,314,550,141.0","2,454,272,041.0","2,433,958,470.9","2,604,992,598.1","2,776,186,821.4","3,145,245,598.0","2,456,038,662.7",..
República Democrática Popular Lao,"104,600,000.0","513,260,000.0","2,971,364,099.6",,"3,160,832,633.6","4,163,262,261.7","4,624,552,257.3","5,209,004,852.6","5,778,297,309.6","6,464,510,045.4","7,079,462,614.8","6,544,034,864.5",..
Letonia,..,"2,487,229,229.9","18,906,774,047.5",,"19,857,762,567.8","20,862,815,262.4","17,915,605,141.4","18,307,139,989.0","20,568,017,644.2","22,896,253,152.4","22,164,256,770.2","21,910,422,095.1","26,537,729,897.3"
Líbano,..,..,"21,814,279,783.6",,"21,975,760,676.4","21,305,016,487.5","21,835,979,073.9","21,349,104,484.3","22,067,628,247.2","21,977,294,492.8","21,280,339,476.6","10,111,951,975.6",..
Lesotho,"1,098,406,180.3","823,447,242.7","1,631,961,136.8",,"1,420,121,413.9","1,378,143,166.2","1,429,130,509.7","1,473,218,343.3","1,675,425,742.6","1,897,331,706.9","1,696,303,441.4","1,417,978,600.9","1,677,209,851.1"
Liberia,..,..,"392,831,666.2",,"685,831,101.3","729,050,594.6","521,250,606.7","396,899,137.5","449,760,634.1","558,810,362.3","586,060,518.7",..,..
Libia,"12,134,805,079.6","12,933,000,000.0","63,570,200,000.0",,"48,590,800,000.0","21,238,300,000.0","13,039,300,000.0","8,086,300,000.0","21,411,500,000.0","32,256,900,000.0","30,771,500,000.0",..,..
Liechtenstein,..,..,..,,..,..,..,..,..,..,..,..,..
Lituania,..,"4,626,065,000.0","34,750,571,029.9",,"37,890,519,155.5","36,307,145,819.5","29,514,058,723.1","30,046,792,324.3","36,279,189,171.1","41,691,659,219.4","43,529,769,611.9","42,960,890,551.8",..
Luxemburgo,..,"79,335,220,115.7","348,422,387,513.1",,"404,524,071,369.8","421,187,144,266.6","403,406,831,951.0","422,840,488,657.0","439,270,146,189.9","473,123,035,619.9","464,550,194,223.6","464,577,354,209.0","497,904,981,116.2"
"Región Administrativa Especial de Macao, China",..,..,"41,526,305,029.2",,"49,579,502,096.5","51,384,336,602.6","39,974,118,821.1","39,144,593,870.0","45,846,407,559.0","52,592,098,846.3","54,268,617,931.4","22,701,707,153.5",..
Madagascar,"485,434,272.4","845,429,804.8","2,904,395,088.6",,"3,181,649,753.1","3,590,372,230.4","3,181,839,413.2","3,422,515,139.1","4,183,431,687.2","4,460,237,354.9","4,157,057,465.7","2,642,543,648.6",..
Malawi,"452,419,764.1","470,671,484.0","1,384,774,825.5",,"1,397,594,919.1","1,645,482,135.7","1,273,525,666.0","1,184,090,201.2","1,060,738,715.4","1,170,556,855.7","1,319,314,338.2","1,125,313,219.5",..
Malasia,"34,513,979,389.1","114,272,473,684.2","263,076,216,229.1",,"259,477,171,511.0","265,588,183,928.3","222,159,718,756.9","212,561,993,725.8","236,200,503,413.3","260,852,043,434.0","254,133,683,254.7","220,278,414,859.6","278,812,996,575.2"
Maldivas,"183,800,000.0","467,501,619.0","2,490,112,955.5",,"2,912,115,403.2","3,304,815,372.9","3,155,074,087.0","3,160,559,844.3","3,333,364,165.4","3,603,566,757.8","3,763,422,690.6","1,801,558,022.4",..
Malí,"442,363,483.4","665,343,132.3","3,427,011,571.9",,"3,385,050,705.2","3,334,433,820.8","3,246,733,357.2","3,381,763,569.3","3,536,643,518.7","4,362,471,959.9","4,583,956,026.7","5,349,945,057.5",..
Malta,"2,219,056,609.7","4,494,919,456.4","28,144,787,077.8",,"29,345,334,859.6","30,383,951,060.3","27,692,265,965.6","27,685,940,180.0","30,147,474,798.3","31,640,632,396.2","31,394,018,106.2","30,115,077,172.5",..
Islas Marshall,..,..,"173,015,736.7",,"171,464,325.4","151,509,784.9","117,666,715.6","120,892,616.4","173,932,537.8","210,477,620.4",..,..,..
Mauritania,"474,475,554.8",..,"2,911,245,203.5",,"2,957,487,585.1","2,235,233,799.8","1,712,105,139.3","1,729,932,285.8","2,041,282,287.1","2,224,556,822.1","2,718,350,028.5","2,946,987,076.4",..
Mauricio,"1,777,849,043.7","2,671,037,913.7","8,047,723,490.7",,"12,267,887,404.9","14,388,873,283.1","13,073,248,010.9","14,022,612,301.5","17,264,237,069.9","14,267,218,688.6","15,442,387,676.9","9,958,402,452.7",..
México,"41,757,000,000.0","185,852,621,961.0","397,546,025,888.0",,"409,633,141,717.0","429,283,550,601.0","411,253,963,937.0","406,578,206,918.0","448,011,644,544.0","493,104,568,609.0","507,079,942,867.0","443,459,543,742.0",..
Micronesia (Estados Federados de),..,..,"149,356,000.0",,"166,489,300.0","180,828,900.0",..,..,..,..,..,..,..
República de Moldova,..,"699,460,000.0","3,754,690,000.0",,"4,202,310,000.0","4,073,910,000.0","3,304,620,000.0","3,371,770,000.0","3,998,890,000.0","4,449,590,000.0","4,684,640,000.0","4,078,250,000.0",..
Mónaco,..,..,..,,..,..,..,..,..,..,..,..,..
Mongolia,"498,000,000.0","626,335,316.7","4,512,501,520.5",,"4,530,230,125.3","6,134,971,873.0","5,194,083,607.8","5,673,160,602.5","6,877,055,534.6","7,938,420,811.9","8,810,063,262.9","7,987,063,439.7",..
Montenegro,..,..,"1,965,422,633.6",,"2,124,723,159.8","2,142,592,483.9","1,988,243,326.1","2,069,495,570.5","2,335,151,197.4","2,705,138,677.2","2,766,836,087.0","1,570,363,658.0","2,920,183,329.3"
Marruecos,"6,321,302,299.8","9,127,011,171.7","32,954,415,684.4",,"33,085,764,310.1","36,800,964,966.1","33,813,685,968.0","35,134,721,823.7","39,668,698,765.4","43,975,495,444.9","44,676,344,434.6","38,314,806,260.0",..
Mozambique,..,..,"4,780,705,837.7",,"4,902,423,090.8","4,769,209,507.5","4,248,371,049.9","3,873,911,946.3","5,548,331,613.3","6,233,196,510.8","5,860,440,789.7","4,585,860,459.1",..
Myanmar,"318,424,558.1","2,144,721,684.5","9,744,867,766.8",,"12,386,532,624.6","13,932,252,956.6","14,565,344,627.1","13,967,436,920.8","14,781,934,654.8","17,032,964,247.5","18,885,495,495.3",..,..
Namibia,"1,403,420,848.8","1,611,712,808.0","5,222,709,243.4",,"4,683,828,538.4","5,200,218,015.7","4,399,954,252.6","3,996,131,441.7","4,771,063,685.0","5,303,994,141.1","4,885,845,174.6","3,793,619,037.2",..
Nauru,..,..,"92,789,453.5",,"108,098,315.7","111,135,095.0","71,504,693.1","92,150,315.1","86,097,689.3","73,323,117.5",..,..,..
Nepal,"447,377,122.5","1,354,259,946.3","2,176,237,168.6",,"2,513,260,695.4","2,802,585,870.4","2,681,160,704.4","2,574,464,750.6","2,992,075,678.1","3,381,189,403.8","3,427,627,043.9","2,278,486,766.5","2,945,777,302.7"
Países Bajos,"179,716,349,652.5","292,634,645,418.1","977,221,686,270.5",,"1,015,967,473,348.2","1,065,206,776,778.7","922,036,152,328.6","911,424,718,251.5","993,411,541,023.9","1,132,652,985,075.8","1,055,934,265,317.0","998,490,979,176.1",..
Nueva Caledonia,..,..,"2,788,355,021.6",,"2,743,791,517.2","3,002,115,473.9","2,449,218,359.5","2,551,046,511.9",..,..,..,..,..
Nueva Zelandia,..,"20,510,397,689.9","56,220,290,007.9",,"58,976,050,381.4","62,525,946,929.3","55,070,965,516.6","55,440,716,183.3","61,865,154,836.8","64,298,369,717.6","63,851,173,961.4","56,190,986,305.4",..
Nicaragua,"404,000,000.0","984,300,000.0","5,025,100,000.0",,"5,014,200,000.0","5,390,600,000.0","5,150,300,000.0","5,225,500,000.0","5,790,800,000.0","5,650,800,000.0","5,807,400,000.0","5,384,900,000.0",..
Níger,"553,196,765.3","334,506,240.0","1,664,662,459.3",,"1,820,104,645.9","1,849,816,387.0","1,423,348,849.3","1,339,612,602.1","1,548,911,711.8","1,585,171,831.9","1,522,713,295.9","1,482,275,043.7",..
Nigeria,"14,761,462,726.4","21,183,082,283.4","99,480,314,425.0",,"100,299,827,980.8","86,220,193,224.0","49,978,538,839.0","39,692,585,742.8","52,333,999,477.0","68,089,155,080.1","72,245,869,103.0","41,495,827,442.1",..
Macedonia del Norte,..,"1,177,510,384.6","4,520,978,371.7",,"4,916,110,418.2","5,626,923,237.7","5,072,518,023.2","5,602,469,463.7","6,407,354,065.8","7,792,117,782.1","7,972,639,692.7","7,351,937,276.4","9,293,371,856.7"
Mariana,..,..,..,,..,..,..,..,..,..,..,..,..
Noruega,"50,965,263,737.2","85,656,462,504.0","248,898,745,884.5",,"245,686,839,381.0","242,802,481,898.6","187,593,091,026.2","169,993,668,866.5","186,760,718,706.6","214,753,986,024.7","189,962,898,092.8","149,918,540,363.8",..
Omán,"5,951,105,331.6","12,061,100,000.0","55,543,469,073.5",,"61,302,283,080.6","57,879,288,056.0","39,734,206,677.7","32,050,398,666.1","37,835,362,305.5","47,489,873,914.4","44,771,600,692.2","33,456,258,609.7",..
Pakistán,"6,930,985,303.8","10,115,000,000.0","31,963,000,000.0",,"30,544,000,000.0","31,098,000,000.0","29,261,000,000.0","27,548,211,000.0","30,199,440,000.0","31,467,890,000.0","31,161,150,000.0","27,794,010,000.0","36,208,960,000.0"
Palau,..,..,"143,078,950.5",,"155,246,260.4","172,831,040.1","196,862,789.9","192,676,852.9","164,480,687.7",..,..,..,..
Panamá,"5,577,400,000.0","9,383,900,000.0","32,808,000,000.0",,"32,352,000,000.0","30,201,500,000.0","27,860,500,000.0","27,096,769,136.0","29,298,735,881.4","30,727,464,410.6","30,654,411,054.0","21,618,297,571.5",..
Papua Nueva Guinea,"1,487,485,515.9","2,368,809,883.3","6,855,486,603.6",,"6,417,545,705.8","9,103,350,520.5","8,615,482,758.1","8,322,475,437.6","10,277,429,960.7","10,628,495,072.8",..,..,..
Paraguay,"2,630,700,000.0","3,972,441,489.2","12,383,973,668.9",,"14,412,699,729.3","13,897,577,743.3","11,838,956,375.8","12,775,203,181.7","14,216,017,257.2","14,524,510,705.0","13,460,236,866.4","11,956,341,484.5",..
Perú,"4,287,000,000.0","8,941,712,970.2","52,699,997,729.8",,"49,174,629,789.4","46,342,588,622.7","41,400,921,744.5","44,341,685,588.8","54,046,955,516.5","57,420,612,957.6","57,480,680,931.0","47,687,737,383.4",..
Filipinas,"13,028,000,000.0","30,797,000,000.0","75,080,465,572.8",,"76,205,845,980.6","84,100,756,310.2","81,764,745,823.7","83,494,023,850.2","97,229,283,617.4","102,372,996,607.1","108,142,588,862.4","91,627,234,581.3","99,778,245,113.4"
Polonia,"19,640,000,000.0","49,279,000,000.0","235,566,000,000.0",,"254,965,000,000.0","271,622,000,000.0","246,966,000,000.0","257,547,000,000.0","299,669,000,000.0","339,358,000,000.0","345,807,000,000.0","349,628,000,000.0",..
Portugal,"22,914,036,361.1","39,059,487,981.8","94,268,485,106.4",,"102,640,841,473.6","105,113,636,245.2","91,175,264,163.8","93,334,360,056.4","105,210,839,310.8","116,676,966,786.1","113,859,269,491.5","93,989,485,980.0","114,967,140,145.5"
Puerto Rico,..,..,..,,..,..,..,..,..,..,..,..,..
Qatar,..,..,"149,394,230,769.2",,"150,901,648,351.6","147,625,274,725.3","100,084,615,384.6","79,600,274,725.3","93,787,087,912.1","110,575,000,000.0","100,989,560,439.6","81,411,263,736.3",..
Rumania,"6,555,000,000.0","12,230,000,000.0","66,745,503,430.9",,"81,000,128,212.4","87,670,266,271.7","78,455,191,744.9","84,172,750,264.2","95,044,510,179.4","107,381,758,001.8","107,969,136,641.9","99,796,213,655.8",..
Federación de Rusia,..,"115,273,010,000.0","637,532,440,000.0",,"634,134,570,000.0","609,723,240,000.0","430,301,780,000.0","372,865,380,000.0","457,060,810,000.0","561,476,020,000.0","535,511,360,000.0","425,197,530,000.0",..
Rwanda,..,..,"1,131,083,813.4",,"1,314,518,254.2","1,344,590,286.9","1,460,512,709.9","1,525,992,297.6","1,925,634,675.1","2,061,894,402.0","2,270,363,897.8","1,940,494,862.7",..
Samoa,"51,237,056.3",..,"229,130,024.7",,"249,240,847.0","244,162,766.8","239,488,260.8","256,575,299.8","284,360,033.6","306,551,079.1","343,692,290.7","126,013,951.2",..
San Marino,..,..,..,,..,..,..,..,..,..,..,..,..
Santo Tomé y Príncipe,"8,140,000.0","16,828,167.1","33,957,847.3",,"54,439,019.2","99,600,674.5","96,916,083.9","102,843,861.0","94,784,711.6","98,258,018.7","75,865,396.7","55,747,351.5",..
Arabia Saudita,"56,568,000,000.0","85,604,266,666.7","423,067,002,716.7",,"412,916,177,200.0","382,083,913,326.7","243,587,049,039.6","224,830,620,533.8","258,904,212,525.6","334,381,499,879.3","306,480,849,698.8","205,887,367,564.6",..
Senegal,"1,536,922,946.0","1,394,953,354.6","4,209,570,909.5",,"4,494,355,538.7","4,600,793,330.1","4,303,023,449.4","4,398,393,862.2","4,928,072,070.2","5,731,176,879.2",..,..,..
Serbia,..,..,"15,577,541,060.8",,"19,329,519,253.8","20,032,413,159.3","18,199,130,430.6","19,933,550,593.2","22,503,385,654.3","25,625,867,145.3","26,807,980,692.0","26,150,231,610.3",..
Seychelles,"233,430,861.4","491,822,324.1","1,353,186,604.6",,"1,491,047,536.4","1,385,889,400.2","1,314,468,479.9","1,367,178,287.1","1,578,371,415.0","1,701,804,829.4","1,633,356,365.6","1,115,174,360.8",..
Sierra Leona,"210,347,153.8","62,469,928.9","1,242,650,390.2",,"1,768,464,063.5","1,510,539,944.7","787,912,859.1","796,004,467.8","857,414,412.3","982,440,041.5","1,079,783,711.1","716,203,026.1",..
Singapur,"73,997,590,848.9","196,286,425,272.0","645,340,847,180.9",,"667,672,180,931.8","675,525,275,245.6","621,099,994,544.8","603,610,071,981.3","687,221,463,873.9","774,776,036,228.6","766,746,479,819.7","731,616,232,507.3","859,062,759,741.5"
Sint Maarten (Dutch part),..,..,"1,211,522,905.0",,"1,286,172,625.7","1,300,458,100.6","1,277,765,363.1","1,236,810,055.9","990,800,668.5","827,635,964.7","1,110,600,093.0","541,382,400.4",..
República Eslovaca,..,"14,405,014,944.2","89,327,110,600.1",,"96,494,626,089.1","97,202,214,138.3","84,152,357,822.0","86,221,913,785.4","94,107,494,752.2","105,132,610,805.9","101,374,265,512.2","94,914,662,268.0",..
Eslovenia,..,"11,084,100,000.0","34,796,087,498.2",,"36,667,251,151.6","39,115,265,226.2","34,356,511,489.1","36,142,323,547.9","42,026,817,424.5","47,875,138,732.0","47,500,107,230.5","43,678,029,323.9","53,568,286,118.1"
Islas Salomón,"97,794,064.3","128,769,681.0","652,256,160.5",,"604,833,540.0","613,377,152.4","577,569,934.6","596,408,172.3","635,342,127.4","723,174,816.9","641,181,034.4","485,478,855.8",..
Somalia,..,..,..,,..,..,..,..,..,..,..,..,..
Sudáfrica,"27,817,695,767.8","39,506,573,038.1","123,874,448,683.6",,"120,365,231,215.6","118,017,124,293.4","104,227,326,751.0","97,424,748,535.6","110,243,347,836.6","119,113,355,824.1","114,539,306,251.4","102,008,625,275.8",..
Sudán del Sur,..,..,..,,..,"3,789,118,221.5","2,534,790,000.0","1,664,022,400.0","2,621,202,000.0","3,180,630,000.0","3,721,810,000.0","2,430,940,000.0",..
España,"91,411,395,869.5","194,162,180,842.8","480,359,801,594.7",,"518,542,425,148.4","528,088,655,189.8","462,859,602,983.7","481,511,048,584.4","529,828,887,156.9","576,313,085,632.9","561,858,186,357.5","457,321,066,549.5",..
Sri Lanka,"2,385,689,104.4","6,527,293,894.4","13,715,697,344.4",,"15,211,113,446.8","16,890,223,281.1","17,070,484,075.4","17,574,857,527.7","19,257,216,970.0","20,512,411,481.5","19,666,076,680.0","13,281,098,994.0",..
Saint Kitts y Nevis,"85,692,592.6","155,514,814.8","262,556,794.8",,"299,486,839.3","611,407,304.6","555,748,364.2","528,956,998.3","534,102,572.4","631,327,045.0","632,534,657.0","410,007,585.2",..
Santa Lucía,"287,492,592.6","380,555,555.6","621,650,014.8",,"631,669,770.4","943,580,932.1","1,001,967,238.7","942,539,899.9","1,071,027,006.4","1,166,977,721.1","1,263,075,924.2","479,965,987.0",..
Isla de San Martín (parte francesa),..,..,..,,..,..,..,..,..,..,..,..,..
San Vicente y las Granadinas,"134,788,888.9","182,559,259.3","202,419,693.7",,"208,605,518.9","262,280,992.4","289,820,365.1","308,447,958.8","300,319,498.0","327,978,525.9","335,517,933.6","189,880,869.4",..
Sudán,"511,400,000.0","1,838,700,000.0","5,139,579,156.0",,"6,056,865,354.7","6,059,926,043.2","4,911,792,485.5","4,639,355,353.2","5,884,045,887.4","5,122,821,139.4","5,203,179,837.8","5,126,766,430.7",..
Suriname,..,..,"2,898,933,437.1",,"2,616,005,808.7","2,373,187,131.1","1,857,655,933.4","1,626,978,220.6","2,170,856,948.1","2,271,303,420.2","2,307,846,089.0","2,454,058,552.3",..
Suecia,"80,220,832,054.1","133,425,974,706.4","311,390,682,500.8",,"316,048,925,870.6","317,346,149,031.0","269,002,332,088.9","265,672,930,021.6","287,798,888,124.4","312,269,234,449.7","316,326,687,287.5","296,688,447,323.5",..
Suiza,"125,718,426,625.2","203,354,190,055.6","581,571,090,732.0",,"621,690,901,443.1","620,171,341,239.4","580,705,293,258.1","600,007,802,765.5","628,271,902,160.3","662,698,858,413.1","653,917,734,889.7","613,590,262,180.4",..
República Árabe Siria,"5,459,900,000.0","7,190,000,000.0",..,,..,..,..,..,..,..,..,..,..
Tayikistán,..,..,"3,528,283,667.7",,"3,733,499,702.9","3,186,157,114.8","2,563,997,736.8","2,250,203,587.0","2,701,280,646.3","2,660,767,411.9","2,883,915,633.4","2,949,697,975.6",..
Tanzanía,"544,284,950.8","1,411,301,464.8","8,806,682,862.0",,"8,589,817,852.8","8,674,632,011.1","8,349,393,519.3","8,571,684,941.5","8,467,975,607.1","8,463,324,995.3","9,871,026,571.0","8,666,673,098.6",..
Tailandia,"31,288,759,618.8","85,996,774,163.2","282,234,045,467.4",,"288,789,039,939.7","285,937,697,578.9","276,342,059,500.1","283,737,190,551.6","313,181,619,956.6","337,311,403,564.1","334,995,615,748.1","270,967,808,715.1",..
Timor-Leste,..,..,"3,984,861,210.5",,"3,429,119,165.3","2,243,310,322.3","1,398,637,019.3","660,115,000.0","878,016,129.9","1,008,089,569.6","1,312,564,215.7","744,260,184.4",..
Togo,"695,708,767.3","457,674,386.3","2,004,740,893.2",,"2,318,817,195.2","2,144,036,489.1","1,858,822,854.1","1,856,313,432.8","1,854,325,659.3","1,954,535,857.2","1,923,725,573.8","2,005,388,033.6",..
Tonga,"43,965,448.9",..,"103,723,766.5",,"116,405,417.2","97,232,124.6","88,413,230.2","122,133,784.8","139,564,901.0","155,722,248.4","167,915,879.8","152,443,584.4",..
Trinidad y Tobago,"2,328,258,823.5","4,909,800,259.8","18,519,622,995.6",,"19,535,115,092.5","17,007,800,876.1","13,390,100,431.9","9,901,807,635.9","11,053,460,485.1","12,133,611,436.5","10,184,163,545.1","6,900,988,678.3",..
Túnez,"5,299,810,246.7","8,652,618,523.6","22,600,479,119.9",,"22,512,979,652.1","22,102,581,471.7","17,930,083,476.7","17,357,877,748.6","18,057,017,679.8","19,942,069,868.8","19,722,274,601.6","16,594,435,867.9",..
Turquía,"21,959,000,000.0","53,189,000,000.0","211,278,000,000.0",,"231,556,000,000.0","240,493,000,000.0","214,861,000,000.0","204,335,000,000.0","227,654,000,000.0","243,667,000,000.0","251,272,000,000.0","210,037,000,000.0","288,281,000,000.0"
Turkmenistán,..,..,..,,..,..,..,..,..,..,..,..,..
Islas Turcas y Caicos,..,..,..,,..,"628,639,629.0","662,373,031.7","747,401,629.2","613,870,642.1","845,122,100.7",..,..,..
Tuvalu,..,..,"39,283,973.5",,"37,089,281.4","32,555,683.1","38,394,472.0","44,783,143.7","44,402,109.5","59,779,985.8","43,519,781.4",..,..
Uganda,"177,800,000.0","716,200,000.0","5,010,986,453.2",,"5,011,064,767.2","4,933,391,166.4","4,760,862,664.6","4,860,378,764.3","5,136,624,429.3","6,126,400,760.1","6,361,393,276.9","5,719,740,458.8",..
Ucrania,..,"18,501,000,000.0","93,598,000,000.0",,"89,486,000,000.0","70,939,000,000.0","53,648,000,000.0","52,897,000,000.0","63,283,000,000.0","71,052,000,000.0","76,851,000,000.0","72,885,000,000.0","95,809,000,000.0"
Emiratos Árabes Unidos,..,..,..,,..,..,..,..,..,..,..,..,..
Reino Unido,"379,063,380,327.0","628,211,496,838.3","1,090,298,027,173.7",,"1,087,003,665,552.5","1,108,078,849,793.7","1,010,774,236,291.6","955,130,293,644.4","1,053,813,582,647.2","1,176,776,208,420.5","1,170,507,179,602.0","951,723,623,509.7",..
Estados Unidos,"707,008,000,000.0","1,448,571,000,000.0","3,039,135,000,000.0",,"3,124,684,000,000.0","3,238,543,000,000.0","3,105,149,000,000.0","3,096,154,000,000.0","3,387,820,000,000.0","3,645,050,000,000.0","3,653,298,000,000.0","3,092,304,000,000.0",..
Uruguay,"2,416,790,000.0","4,441,132,210.3","19,699,791,279.2",,"19,944,948,178.5","19,840,239,125.1","17,590,270,036.1","16,528,713,141.1","18,411,724,647.0","18,765,824,299.4","18,677,837,476.4","14,213,613,722.4",..
Uzbekistán,..,..,"14,328,602,306.7",,"15,338,914,791.2","14,552,183,867.1","13,864,472,981.9","12,760,331,098.1","15,009,757,893.7","17,340,297,567.7","19,950,351,767.4","16,114,732,165.3",..
Vanuatu,"105,822,625.9","175,736,089.0","393,689,013.4",,"424,549,488.6","426,104,733.4","358,337,622.1","412,186,995.5","432,346,907.6","496,117,659.8","487,826,625.8","264,685,054.9",..
Venezuela,"21,464,000,000.0","37,760,000,000.0","101,810,000,000.0",,"93,188,000,000.0","78,620,000,000.0","39,718,000,000.0","29,291,000,000.0",..,..,..,..,..
Viet Nam,..,"17,481,000,000.0","124,609,000,000.0",,"143,024,000,000.0","161,510,000,000.0","173,666,000,000.0","189,731,000,000.0","228,934,000,000.0","260,102,500,000.0","283,063,000,000.0","291,620,000,000.0",..
Islas Vírgenes (EE.UU.),..,..,..,,..,..,..,..,..,..,..,..,..
Ribera Occidental y Gaza,..,"1,430,675,976.5","2,812,491,617.0",,"3,374,794,723.7","3,832,136,288.4","4,047,324,859.7","4,221,260,094.6","4,860,664,132.7","5,581,946,657.2","5,871,216,460.8","5,036,792,158.8",..
"Yemen, Rep. del",..,..,"9,414,795,929.1",,"9,592,171,960.7","9,457,561,767.5","1,889,969,322.8","956,818,506.2",..,..,..,..,..
Zambia,"1,361,900,000.0","891,370,000.0","10,520,978,347.5",,"11,606,702,752.5","11,076,961,547.8","8,231,734,362.7","7,490,084,828.8","9,153,633,486.2","10,010,121,570.4","8,303,036,759.4","8,593,787,455.8",..
Zimbabwe,"2,032,673,237.3",..,"4,311,672,410.3",,"4,168,297,226.1","4,048,863,415.5","3,967,592,682.1","4,063,011,250.6","4,644,242,235.4","5,186,043,925.7","5,282,361,124.5","5,270,864,656.1",..
"Creado a partir de Indicadores del desarrollo mundial
Series : Exports of goods, services and primary income (BoP, current US$)",,,,,,,,,,,,,
